age,job,marital,education,default,balance,housing,loan,contact,day_of_week,month,duration,campaign,pdays,previous,poutcome,y
40,admin.,single,secondary,no,709,yes,no,cellular,7,may,543,3,-1,0,,0
46,management,married,tertiary,no,1177,yes,no,cellular,2,feb,483,3,242,3,failure,0
37,technician,single,secondary,no,7808,no,yes,cellular,21,nov,325,2,-1,0,,0
42,management,single,tertiary,no,17657,yes,no,telephone,29,jan,278,2,247,2,failure,0
39,management,married,tertiary,no,3229,yes,no,,3,jun,174,8,-1,0,,0
38,blue-collar,married,secondary,no,7111,yes,yes,,9,may,296,3,-1,0,,0
38,admin.,divorced,secondary,no,840,yes,no,cellular,8,may,151,3,365,1,failure,0
62,entrepreneur,married,secondary,no,1370,yes,no,cellular,12,may,1342,2,-1,0,,1
51,services,married,secondary,no,1860,yes,no,cellular,3,feb,187,3,221,4,failure,0
36,management,single,tertiary,no,851,yes,no,,6,may,188,2,-1,0,,0
44,blue-collar,married,primary,no,542,yes,yes,,17,jun,129,2,-1,0,,0
47,blue-collar,married,primary,no,3305,yes,no,,15,may,417,5,-1,0,,0
39,management,married,tertiary,no,4738,yes,yes,,27,may,230,7,-1,0,,0
34,technician,married,tertiary,no,4118,no,no,cellular,25,aug,281,8,-1,0,,0
39,management,single,tertiary,no,2194,yes,no,cellular,6,may,381,2,169,2,success,0
44,blue-collar,single,secondary,no,1106,no,no,cellular,17,nov,275,3,-1,0,,0
45,blue-collar,married,secondary,no,1711,yes,no,cellular,19,nov,183,2,174,4,other,0
55,blue-collar,married,secondary,no,1298,yes,no,telephone,18,jul,123,5,-1,0,,0
38,management,married,tertiary,no,711,yes,no,cellular,18,nov,193,2,124,1,failure,0
40,blue-collar,married,primary,no,5393,yes,no,cellular,20,apr,85,7,152,21,other,0
45,blue-collar,married,primary,no,7296,yes,no,cellular,20,nov,158,2,-1,0,,0
40,technician,single,secondary,no,904,yes,no,cellular,26,oct,266,2,144,8,other,0
44,technician,married,tertiary,no,1993,no,no,cellular,16,sep,1772,4,105,2,success,1
58,management,divorced,secondary,no,3462,no,no,cellular,22,aug,379,8,-1,0,,0
39,blue-collar,single,secondary,no,1939,yes,no,cellular,29,jan,182,2,195,1,failure,0
35,technician,married,secondary,no,700,yes,yes,cellular,28,jan,141,2,223,9,other,0
41,services,single,tertiary,no,923,yes,no,,28,may,95,2,-1,0,,0
38,technician,married,secondary,no,756,no,no,cellular,19,aug,161,3,-1,0,,0
30,blue-collar,married,primary,yes,17,yes,yes,,27,may,516,2,-1,0,,0
36,blue-collar,married,secondary,no,636,yes,no,cellular,13,may,711,2,-1,0,,0
51,housemaid,divorced,primary,no,1317,no,no,telephone,29,jul,189,8,-1,0,,0
32,blue-collar,single,secondary,no,767,no,no,cellular,3,feb,90,6,-1,0,,0
38,services,married,secondary,no,788,yes,yes,,29,may,152,3,-1,0,,0
34,services,single,tertiary,no,1242,yes,no,,7,may,505,3,-1,0,,0
54,admin.,divorced,secondary,no,923,no,no,cellular,5,feb,291,2,-1,0,,0
45,unemployed,divorced,tertiary,no,502,yes,no,cellular,17,nov,235,2,-1,0,,0
31,technician,single,secondary,no,702,yes,yes,cellular,6,may,624,3,356,1,failure,1
35,management,single,tertiary,no,1430,no,no,cellular,27,aug,178,7,-1,0,,0
72,,married,,no,4792,no,no,telephone,11,aug,399,2,-1,0,,0
57,admin.,married,secondary,no,809,no,no,telephone,30,sep,501,2,120,1,success,0
29,student,single,tertiary,no,720,no,no,cellular,8,sep,197,3,-1,0,,0
57,admin.,married,secondary,no,11241,no,no,cellular,9,nov,248,2,-1,0,,1
58,management,married,tertiary,no,11946,no,no,cellular,19,nov,192,3,-1,0,,0
33,blue-collar,single,primary,no,870,yes,no,cellular,8,jul,286,2,-1,0,,0
54,services,married,secondary,no,906,yes,no,,6,may,224,2,-1,0,,0
51,blue-collar,married,secondary,no,1003,no,no,,11,jun,331,2,-1,0,,0
36,management,single,tertiary,no,2313,no,no,cellular,30,mar,323,3,129,5,failure,0
38,services,single,secondary,no,670,no,no,cellular,21,jul,1430,4,-1,0,,1
38,services,single,secondary,no,784,yes,no,,23,may,369,2,-1,0,,0
58,admin.,single,secondary,no,3123,no,no,,3,jun,145,5,-1,0,,0
35,unemployed,married,tertiary,no,4340,no,no,cellular,20,nov,190,2,-1,0,,0
30,admin.,single,secondary,no,1281,yes,yes,,4,jun,514,4,-1,0,,0
47,blue-collar,married,primary,no,798,yes,no,,6,may,305,2,-1,0,,0
33,blue-collar,married,secondary,no,1157,yes,no,cellular,20,apr,142,4,341,1,other,0
37,technician,single,secondary,no,1979,yes,no,cellular,18,may,309,3,349,3,success,0
39,management,single,tertiary,no,1404,no,no,cellular,21,apr,234,2,-1,0,,1
55,management,married,tertiary,no,1283,no,no,cellular,26,may,179,2,-1,0,,0
41,management,single,secondary,no,935,no,no,,11,jun,97,3,-1,0,,0
41,admin.,single,secondary,no,855,yes,no,,26,may,530,2,-1,0,,0
43,admin.,married,tertiary,no,1722,yes,yes,cellular,28,jan,193,3,-1,0,,0
30,admin.,single,secondary,no,465,yes,no,,16,may,173,2,-1,0,,0
53,blue-collar,single,primary,no,3323,yes,no,,15,may,361,3,-1,0,,0
42,admin.,divorced,secondary,no,856,yes,no,,17,jun,614,4,-1,0,,0
60,admin.,married,secondary,no,992,yes,no,,28,may,298,10,-1,0,,0
22,student,single,,no,703,no,no,cellular,25,aug,200,3,-1,0,,1
41,services,single,secondary,no,1210,yes,no,,26,may,392,2,-1,0,,0
34,admin.,single,secondary,no,2400,yes,no,cellular,22,jul,349,4,-1,0,,0
60,blue-collar,divorced,primary,no,700,no,no,,20,jun,204,11,-1,0,,0
43,entrepreneur,married,tertiary,no,1445,no,no,cellular,8,aug,158,2,-1,0,,0
38,self-employed,married,tertiary,no,3127,no,no,telephone,11,aug,160,4,70,3,failure,0
50,admin.,married,secondary,no,1769,yes,no,,8,may,115,3,-1,0,,0
40,entrepreneur,married,primary,no,4052,no,no,cellular,10,jul,573,2,-1,0,,0
39,technician,married,secondary,no,3479,no,no,cellular,22,oct,188,3,-1,0,,1
51,entrepreneur,married,tertiary,no,1062,yes,no,,27,may,167,6,-1,0,,0
49,housemaid,married,secondary,no,20887,yes,no,cellular,17,nov,777,2,-1,0,,0
38,services,single,secondary,no,766,no,yes,,30,jun,520,3,-1,0,,0
39,technician,single,tertiary,no,2155,yes,no,,15,may,140,7,-1,0,,0
37,blue-collar,married,secondary,no,2154,yes,no,cellular,20,apr,392,3,-1,0,,0
54,technician,married,secondary,no,1592,yes,yes,,15,may,304,2,-1,0,,0
34,self-employed,married,secondary,no,1281,yes,no,cellular,21,nov,267,4,-1,0,,0
62,blue-collar,married,primary,no,4201,yes,no,,15,may,614,4,-1,0,,0
30,blue-collar,single,secondary,no,1030,yes,no,cellular,18,may,226,2,348,1,failure,0
50,entrepreneur,married,secondary,no,1104,yes,no,telephone,12,may,1458,8,347,2,failure,0
56,entrepreneur,married,secondary,no,813,yes,yes,,5,may,197,2,-1,0,,0
33,blue-collar,married,secondary,no,1068,yes,no,cellular,15,may,415,2,310,7,failure,0
65,blue-collar,married,primary,no,8579,no,no,telephone,28,jul,256,10,-1,0,,0
50,technician,single,tertiary,no,1328,no,no,cellular,20,nov,524,6,-1,0,,0
45,self-employed,married,secondary,no,720,no,no,,5,jun,403,2,-1,0,,0
47,blue-collar,married,,yes,-15,yes,no,,30,may,137,4,-1,0,,0
45,technician,married,secondary,no,700,yes,no,telephone,4,dec,113,2,-1,0,,0
48,management,divorced,tertiary,no,610,yes,no,cellular,21,jul,542,2,-1,0,,0
35,blue-collar,single,secondary,no,959,yes,no,,19,may,357,2,-1,0,,0
31,blue-collar,single,secondary,no,714,no,no,,14,may,142,3,-1,0,,0
50,technician,married,secondary,no,2440,yes,no,cellular,11,may,403,2,-1,0,,0
37,blue-collar,married,secondary,no,949,yes,no,cellular,31,jul,131,5,-1,0,,0
57,services,single,secondary,no,1862,yes,no,cellular,18,may,255,2,178,1,failure,0
73,management,married,secondary,no,704,no,no,cellular,23,oct,184,5,-1,0,,0
30,technician,married,secondary,no,1051,yes,no,,2,jun,828,4,-1,0,,0
57,technician,divorced,secondary,no,1222,yes,no,,14,may,300,2,-1,0,,0
73,retired,married,secondary,no,848,no,no,telephone,4,sep,171,2,-1,0,,0
60,admin.,married,secondary,no,1250,yes,no,cellular,12,may,468,3,-1,0,,0
51,technician,married,tertiary,no,850,yes,no,cellular,21,jul,282,8,-1,0,,0
40,technician,married,tertiary,no,4839,no,no,,11,jun,245,5,-1,0,,0
52,services,married,secondary,no,1140,yes,no,cellular,20,apr,681,2,312,1,failure,0
41,blue-collar,married,primary,no,700,no,no,telephone,11,may,178,3,306,1,failure,0
50,,single,secondary,no,700,no,no,,17,jun,226,5,-1,0,,0
35,technician,single,secondary,no,1545,yes,no,cellular,22,oct,238,3,-1,0,,0
61,admin.,married,secondary,no,17573,no,no,cellular,14,oct,289,4,372,1,failure,0
32,services,single,secondary,no,700,no,no,cellular,28,jan,522,2,-1,0,,0
43,management,married,tertiary,no,1647,no,no,cellular,8,aug,194,3,-1,0,,0
42,services,married,secondary,no,1311,yes,yes,,18,jun,131,4,-1,0,,0
36,technician,married,secondary,no,1003,yes,no,cellular,8,apr,220,2,267,4,failure,1
52,technician,divorced,secondary,no,546,no,no,,3,jun,412,4,-1,0,,0
64,blue-collar,married,secondary,no,700,no,no,cellular,21,aug,181,3,-1,0,,0
39,technician,married,secondary,no,1151,yes,yes,cellular,12,may,317,2,-1,0,,0
38,blue-collar,married,secondary,no,1921,yes,no,cellular,5,feb,280,3,274,6,failure,0
47,,single,,no,881,no,no,telephone,28,jan,111,2,-1,0,,0
48,self-employed,married,tertiary,no,1125,no,no,,6,jun,217,2,-1,0,,0
28,student,single,tertiary,no,1303,yes,no,cellular,12,may,227,6,-1,0,,0
53,management,divorced,tertiary,no,21427,no,no,cellular,20,nov,158,3,-1,0,,0
61,retired,married,secondary,no,1744,no,no,telephone,12,jul,637,2,182,3,success,1
41,blue-collar,married,secondary,no,1304,yes,no,cellular,7,oct,441,2,495,1,failure,1
39,technician,married,tertiary,no,1706,no,no,cellular,22,aug,139,5,-1,0,,0
46,blue-collar,married,secondary,no,1997,yes,no,cellular,3,apr,767,3,-1,0,,0
36,management,married,tertiary,no,1363,no,yes,cellular,22,jul,132,4,-1,0,,0
53,management,married,tertiary,no,828,yes,no,,19,may,368,2,-1,0,,0
46,management,married,tertiary,no,-785,yes,no,,29,may,291,3,-1,0,,0
46,management,divorced,tertiary,no,709,yes,no,cellular,21,jul,579,2,-1,0,,0
49,management,married,secondary,no,1158,yes,no,cellular,8,may,251,4,-1,0,,0
35,management,single,tertiary,no,2194,no,no,cellular,13,aug,345,13,-1,0,,0
56,admin.,married,secondary,no,1123,yes,yes,cellular,20,oct,209,3,96,7,failure,0
40,management,divorced,tertiary,no,1368,yes,no,cellular,5,may,693,2,-1,0,,0
43,management,single,tertiary,no,3981,no,no,,9,jun,160,5,-1,0,,0
36,blue-collar,single,secondary,no,1001,yes,no,,7,may,465,3,-1,0,,0
32,unemployed,married,secondary,no,1355,yes,no,,4,jun,676,3,-1,0,,0
54,management,married,tertiary,no,700,no,no,,20,jun,96,5,-1,0,,0
38,admin.,married,tertiary,no,2336,yes,yes,cellular,6,sep,206,2,521,2,failure,0
49,unemployed,divorced,primary,no,1457,no,no,cellular,20,apr,173,2,325,4,failure,0
31,blue-collar,single,secondary,no,1235,yes,no,,2,jun,430,3,-1,0,,0
79,retired,divorced,primary,no,746,no,no,cellular,2,feb,364,2,-1,0,,0
33,admin.,single,secondary,no,1770,yes,no,,19,may,100,2,357,1,other,1
43,technician,married,tertiary,no,496,yes,no,cellular,28,aug,214,5,-1,0,,0
58,management,married,tertiary,no,153,no,no,cellular,8,jul,226,2,-1,0,,0
48,management,married,tertiary,yes,700,yes,no,cellular,21,nov,193,3,-1,0,,0
54,management,divorced,secondary,no,702,no,no,cellular,19,nov,278,2,-1,0,,0
37,unemployed,single,tertiary,no,1317,no,no,cellular,2,feb,690,3,-1,0,,0
35,management,married,tertiary,no,866,no,no,cellular,25,aug,462,7,-1,0,,0
42,services,married,secondary,no,950,no,no,,17,jun,142,2,-1,0,,0
28,technician,single,tertiary,no,710,yes,no,cellular,18,may,148,3,367,2,other,0
35,technician,single,secondary,no,700,no,no,cellular,18,aug,163,3,-1,0,,0
35,technician,married,secondary,no,713,no,no,cellular,29,aug,315,3,-1,0,,0
49,technician,married,primary,no,378,no,no,,9,jun,295,3,-1,0,,0
55,services,divorced,secondary,no,1674,yes,yes,cellular,29,jul,325,5,-1,0,,0
64,housemaid,married,,no,1191,no,no,cellular,14,aug,573,5,-1,0,,0
40,self-employed,single,tertiary,no,597,yes,yes,telephone,17,oct,3323,2,-1,0,,1
57,technician,divorced,secondary,yes,-196,no,yes,,9,jun,522,2,-1,0,,0
42,services,married,secondary,no,700,yes,no,telephone,28,jul,191,3,-1,0,,0
37,admin.,married,secondary,no,1093,yes,no,,28,may,453,2,-1,0,,0
36,blue-collar,single,tertiary,no,1058,no,no,cellular,9,feb,173,4,-1,0,,0
38,management,single,tertiary,no,1117,yes,no,cellular,12,feb,225,11,149,5,failure,0
51,blue-collar,married,primary,no,1936,no,no,cellular,28,jan,233,2,-1,0,,0
40,services,married,primary,no,879,no,no,,9,jun,481,2,-1,0,,0
57,management,married,tertiary,no,4143,yes,no,,28,may,118,3,-1,0,,0
69,housemaid,married,primary,no,2879,yes,no,cellular,4,sep,182,8,-1,0,,0
38,technician,single,secondary,no,812,no,no,cellular,20,aug,193,3,-1,0,,0
62,retired,married,primary,no,1357,yes,no,,12,jun,198,3,-1,0,,0
37,management,divorced,tertiary,no,1171,no,no,,23,may,285,5,-1,0,,0
42,management,single,tertiary,no,4513,no,no,cellular,7,aug,187,3,-1,0,,0
47,admin.,married,secondary,no,1024,no,no,cellular,8,aug,699,5,-1,0,,0
58,retired,divorced,secondary,no,643,no,yes,cellular,15,jul,434,11,-1,0,,0
64,management,married,tertiary,no,773,no,no,telephone,8,aug,313,3,-1,0,,1
40,services,single,secondary,no,960,yes,no,,27,may,202,9,-1,0,,0
58,management,married,tertiary,no,854,no,no,,9,may,225,4,-1,0,,0
36,technician,married,secondary,no,869,yes,no,cellular,7,may,92,12,-1,0,,0
44,services,married,secondary,no,787,yes,yes,cellular,31,jul,317,5,-1,0,,0
55,management,married,tertiary,no,1512,no,no,telephone,2,jul,318,4,-1,0,,0
48,housemaid,married,secondary,no,822,no,no,cellular,28,jan,138,3,-1,0,,0
60,blue-collar,married,secondary,no,2221,yes,yes,cellular,21,nov,89,3,179,3,other,0
41,blue-collar,single,secondary,no,2935,yes,no,cellular,20,apr,489,3,151,2,failure,0
34,admin.,single,secondary,yes,472,yes,no,cellular,15,may,171,2,371,1,failure,0
47,blue-collar,married,primary,no,761,yes,no,,7,may,331,2,-1,0,,0
53,technician,married,secondary,no,700,yes,no,cellular,19,nov,172,3,-1,0,,0
49,technician,single,tertiary,no,1291,yes,no,,26,may,234,2,-1,0,,0
60,admin.,married,secondary,no,1990,no,no,,12,jun,313,2,-1,0,,0
64,management,married,primary,no,830,no,no,cellular,28,jan,444,3,-1,0,,0
34,management,single,tertiary,no,1572,yes,no,cellular,15,may,131,2,298,2,failure,0
26,blue-collar,single,primary,no,3898,yes,no,,28,may,179,3,-1,0,,0
44,management,married,tertiary,no,730,yes,no,cellular,28,jul,679,7,-1,0,,0
38,management,single,tertiary,no,408,yes,no,cellular,19,aug,251,7,-1,0,,0
46,technician,married,secondary,no,1458,yes,no,cellular,15,jul,199,5,-1,0,,0
42,management,married,tertiary,no,1957,no,no,cellular,12,oct,236,2,-1,0,,0
43,entrepreneur,single,tertiary,no,2537,no,no,cellular,29,jan,269,2,-1,0,,0
60,technician,married,secondary,no,964,yes,yes,cellular,7,may,709,3,280,5,success,0
32,management,married,tertiary,no,782,yes,yes,,16,may,295,2,-1,0,,0
34,management,single,tertiary,no,879,no,no,cellular,3,feb,78,5,-1,0,,0
46,technician,married,tertiary,no,700,no,no,cellular,28,jan,1012,3,-1,0,,0
33,technician,single,secondary,no,1469,yes,yes,cellular,14,may,137,4,-1,0,,0
46,management,married,tertiary,no,707,no,no,cellular,20,aug,652,8,-1,0,,0
43,management,married,tertiary,no,1046,no,no,cellular,30,jul,300,4,-1,0,,0
55,management,married,tertiary,no,3335,no,no,cellular,8,mar,279,3,188,3,success,0
35,technician,single,secondary,no,705,no,no,cellular,22,aug,191,3,-1,0,,0
42,entrepreneur,married,,no,1834,yes,no,cellular,7,may,319,5,332,3,failure,0
37,blue-collar,married,primary,no,3315,yes,no,,27,may,213,9,-1,0,,0
55,blue-collar,married,primary,no,428,no,yes,cellular,28,aug,191,6,-1,0,,0
33,technician,single,tertiary,no,3189,yes,no,cellular,7,dec,1072,4,283,2,success,0
47,management,married,primary,no,700,yes,yes,cellular,20,nov,193,4,-1,0,,0
44,technician,married,tertiary,no,880,yes,yes,cellular,21,nov,118,5,-1,0,,0
38,admin.,single,secondary,no,1954,no,no,,3,jun,157,4,-1,0,,0
41,technician,single,tertiary,no,1187,no,yes,,4,jul,100,3,-1,0,,0
35,technician,married,secondary,no,8069,no,no,cellular,19,aug,274,5,-1,0,,0
40,services,married,secondary,no,3764,yes,no,telephone,11,may,1213,5,-1,0,,0
64,retired,married,primary,no,71888,no,no,cellular,6,oct,275,2,-1,0,,0
45,entrepreneur,married,secondary,no,-1182,yes,no,cellular,18,nov,87,6,151,2,other,0
38,admin.,married,tertiary,no,1582,no,no,cellular,13,aug,205,2,113,5,success,0
37,management,married,tertiary,no,703,yes,no,cellular,18,jul,233,8,-1,0,,0
57,unemployed,married,secondary,no,794,no,no,cellular,10,aug,563,2,181,14,success,1
58,housemaid,married,secondary,no,1436,yes,no,cellular,16,apr,338,2,331,1,failure,0
61,management,married,primary,no,1485,yes,no,cellular,12,may,239,2,-1,0,,0
63,retired,married,primary,no,610,no,yes,telephone,15,jul,111,6,-1,0,,0
42,management,single,tertiary,no,9369,yes,no,telephone,20,apr,75,4,150,6,failure,0
29,services,single,secondary,no,1342,yes,yes,cellular,4,may,434,3,-1,0,,0
34,services,divorced,secondary,no,1041,yes,no,cellular,13,may,124,2,174,1,success,0
65,retired,married,secondary,no,776,yes,no,cellular,15,jul,265,8,-1,0,,0
35,admin.,single,tertiary,no,8205,yes,yes,,2,jun,328,2,-1,0,,0
42,services,married,secondary,no,700,yes,no,telephone,28,jul,191,3,-1,0,,0
36,blue-collar,single,primary,no,2126,yes,no,cellular,20,nov,184,2,-1,0,,0
35,management,single,tertiary,no,1058,yes,no,cellular,30,jan,138,4,256,51,failure,0
47,unemployed,married,tertiary,no,758,yes,no,cellular,9,feb,118,5,-1,0,,0
25,unemployed,single,secondary,no,980,no,no,cellular,11,aug,350,3,-1,0,,0
52,admin.,married,secondary,no,1796,yes,no,,18,jun,283,6,-1,0,,0
37,management,single,tertiary,no,10149,yes,no,cellular,8,may,498,2,-1,0,,0
37,technician,single,tertiary,no,2724,no,no,cellular,12,aug,179,3,-1,0,,0
46,blue-collar,married,primary,no,950,yes,no,,4,jun,116,17,-1,0,,0
44,blue-collar,divorced,secondary,no,351,no,yes,cellular,15,jul,101,20,-1,0,,0
56,technician,married,secondary,no,4131,no,no,cellular,25,aug,142,5,-1,0,,0
41,management,married,tertiary,no,2552,no,no,cellular,13,may,187,3,370,1,failure,0
36,services,single,secondary,no,1173,yes,no,cellular,7,jul,694,6,-1,0,,0
84,retired,married,primary,no,2168,no,no,cellular,13,jan,400,4,-1,0,,1
49,management,married,primary,no,1021,yes,no,cellular,30,jul,988,5,-1,0,,0
40,blue-collar,single,primary,no,963,yes,no,,15,may,242,3,-1,0,,0
57,services,divorced,primary,no,846,yes,no,cellular,14,may,219,2,370,1,failure,0
39,admin.,single,secondary,no,989,yes,no,cellular,28,jul,118,11,-1,0,,0
31,technician,single,secondary,no,992,yes,no,telephone,18,may,115,5,-1,0,,0
54,management,married,tertiary,no,700,no,no,cellular,10,aug,302,4,130,3,other,0
47,blue-collar,married,secondary,no,681,yes,no,cellular,5,feb,194,4,-1,0,,0
37,management,married,tertiary,no,700,yes,no,cellular,9,jul,380,2,-1,0,,0
51,services,single,secondary,no,733,yes,no,cellular,5,may,368,2,-1,0,,0
58,blue-collar,married,primary,no,1787,yes,no,,12,jun,147,2,-1,0,,0
45,admin.,married,secondary,no,700,yes,no,,9,jun,135,4,-1,0,,0
43,services,single,secondary,no,2036,yes,no,,16,jun,428,2,-1,0,,0
71,retired,married,secondary,no,1846,no,no,cellular,13,aug,257,3,-1,0,,0
41,unemployed,single,tertiary,no,2016,yes,no,cellular,18,nov,459,2,172,2,failure,0
33,self-employed,single,tertiary,no,3990,no,no,cellular,23,mar,206,2,291,2,success,1
31,technician,married,secondary,no,1294,yes,no,,27,jun,503,5,-1,0,,0
28,technician,single,tertiary,no,710,yes,no,cellular,18,may,148,3,367,2,other,0
55,blue-collar,married,secondary,no,722,yes,no,,16,may,406,3,-1,0,,0
37,management,single,tertiary,no,700,yes,no,cellular,8,jul,524,2,-1,0,,0
50,self-employed,married,primary,no,3962,no,no,cellular,14,aug,147,9,-1,0,,0
48,,single,,no,19581,no,no,cellular,2,dec,257,3,-1,0,,0
71,retired,married,primary,no,5116,no,no,cellular,29,sep,315,4,-1,0,,1
32,admin.,single,secondary,no,75,yes,no,,4,jun,172,2,-1,0,,0
63,admin.,married,,no,700,no,no,,11,jun,312,3,-1,0,,0
38,self-employed,married,tertiary,no,1565,yes,no,cellular,21,jul,121,8,-1,0,,0
36,services,married,secondary,no,3881,yes,no,cellular,21,nov,188,3,176,7,failure,0
43,admin.,married,secondary,no,1101,yes,no,cellular,17,nov,466,2,129,2,failure,0
46,blue-collar,married,secondary,no,1194,no,no,,20,jun,224,3,-1,0,,0
37,blue-collar,married,primary,no,2009,yes,no,,13,may,332,2,-1,0,,0
36,blue-collar,single,secondary,no,2115,yes,no,cellular,17,apr,715,2,345,1,failure,0
36,technician,married,secondary,no,16,yes,no,cellular,13,may,81,9,299,3,other,0
36,management,single,tertiary,no,1169,yes,no,cellular,14,may,995,2,-1,0,,0
29,student,single,secondary,no,3054,no,no,cellular,5,feb,296,8,-1,0,,1
54,management,married,tertiary,no,184,yes,no,,15,may,296,3,-1,0,,0
29,student,single,secondary,no,1169,no,no,cellular,21,aug,343,2,86,1,other,1
61,entrepreneur,divorced,secondary,no,663,no,no,,5,may,243,2,-1,0,,0
37,technician,single,tertiary,no,768,no,no,cellular,14,aug,166,3,-1,0,,0
68,retired,married,secondary,no,1288,no,no,cellular,16,jul,644,2,179,3,success,1
44,services,married,tertiary,no,735,no,no,cellular,3,jul,388,5,317,3,failure,0
51,blue-collar,married,primary,no,1792,no,yes,,30,may,111,9,-1,0,,0
38,blue-collar,married,primary,no,1155,yes,no,,20,jun,442,4,-1,0,,0
58,blue-collar,married,secondary,no,3657,yes,no,,4,jun,462,3,-1,0,,0
49,housemaid,married,tertiary,no,700,no,no,,9,jun,170,2,-1,0,,0
40,admin.,single,secondary,no,700,no,no,cellular,20,apr,707,2,-1,0,,0
50,management,divorced,tertiary,no,1002,no,no,cellular,18,aug,150,14,-1,0,,0
42,technician,single,tertiary,no,1444,yes,no,cellular,14,may,353,2,288,12,other,0
39,services,divorced,secondary,no,735,yes,no,cellular,7,jul,199,5,-1,0,,0
57,blue-collar,married,primary,no,1121,yes,no,cellular,20,nov,747,2,-1,0,,1
34,management,single,tertiary,no,20058,no,no,cellular,19,nov,328,3,-1,0,,0
62,retired,married,primary,no,2680,no,no,cellular,5,jun,325,2,-1,0,,1
41,admin.,single,secondary,no,1562,no,no,cellular,20,nov,155,2,122,2,failure,0
46,services,married,secondary,no,786,yes,no,cellular,14,jul,455,4,-1,0,,0
36,management,married,tertiary,no,676,yes,no,,12,may,163,5,-1,0,,0
62,management,single,tertiary,no,721,no,no,telephone,28,aug,385,20,-1,0,,0
49,blue-collar,divorced,primary,no,804,yes,no,,16,may,276,5,-1,0,,0
54,technician,married,secondary,no,4203,yes,no,,6,jun,173,3,-1,0,,0
60,technician,divorced,,no,2639,yes,no,cellular,30,jul,191,4,-1,0,,0
40,technician,single,secondary,no,2314,yes,no,,2,jun,234,2,-1,0,,0
33,blue-collar,married,secondary,no,3012,yes,no,telephone,14,jul,179,4,-1,0,,0
32,student,single,tertiary,no,1536,yes,no,,19,may,106,2,-1,0,,0
41,admin.,single,tertiary,no,1335,no,no,cellular,2,sep,308,2,464,2,failure,0
58,admin.,married,tertiary,no,884,no,no,,5,may,743,3,-1,0,,1
46,management,married,tertiary,no,1676,no,no,cellular,19,aug,234,2,-1,0,,1
53,blue-collar,married,primary,no,2598,no,no,cellular,21,aug,229,2,-1,0,,0
36,management,single,tertiary,no,2010,no,no,cellular,12,aug,488,4,-1,0,,0
30,admin.,single,secondary,no,2075,yes,no,cellular,17,apr,308,3,-1,0,,0
51,management,married,,no,700,no,no,,12,jun,147,4,-1,0,,0
47,services,married,secondary,no,244,yes,no,,29,may,172,5,-1,0,,0
58,housemaid,married,primary,no,3851,no,no,,18,jun,420,8,-1,0,,0
54,blue-collar,married,secondary,no,795,yes,no,,15,may,538,6,-1,0,,0
49,blue-collar,married,secondary,no,1130,no,yes,cellular,21,aug,210,3,-1,0,,0
49,blue-collar,married,secondary,no,3737,no,no,,16,jun,130,3,-1,0,,0
44,admin.,married,secondary,no,3838,no,no,cellular,12,aug,308,2,-1,0,,0
41,management,married,tertiary,no,2983,no,no,cellular,6,may,313,3,98,2,failure,1
37,management,single,tertiary,no,1070,no,no,cellular,23,jul,211,2,-1,0,,0
47,admin.,single,tertiary,no,1029,yes,no,,16,may,288,3,-1,0,,0
50,admin.,married,secondary,no,337,yes,yes,,28,may,306,2,-1,0,,0
41,blue-collar,married,secondary,no,1753,no,no,,16,jun,475,4,-1,0,,0
60,technician,married,tertiary,no,972,no,no,cellular,26,aug,173,3,-1,0,,0
38,management,single,tertiary,no,1008,yes,no,cellular,4,may,149,5,269,4,failure,0
71,management,married,secondary,no,3940,no,no,cellular,20,may,199,2,-1,0,,0
35,blue-collar,divorced,secondary,no,1616,yes,yes,cellular,11,jul,242,3,-1,0,,0
44,blue-collar,married,primary,no,592,yes,no,,19,jun,219,4,-1,0,,0
47,management,single,tertiary,no,700,no,no,cellular,11,aug,225,3,-1,0,,0
35,self-employed,married,tertiary,no,703,yes,no,cellular,29,jul,285,5,-1,0,,0
42,self-employed,single,secondary,yes,700,no,no,,11,jun,138,4,-1,0,,0
33,management,single,tertiary,no,1137,no,no,cellular,5,aug,574,2,92,1,success,1
57,blue-collar,married,primary,no,1121,yes,no,cellular,20,nov,747,2,-1,0,,1
64,admin.,married,secondary,no,3252,no,yes,cellular,30,jan,325,3,2,4,other,0
34,self-employed,married,tertiary,no,863,yes,no,cellular,18,may,219,2,362,8,other,0
56,housemaid,married,secondary,no,2452,no,yes,telephone,21,nov,416,5,123,8,failure,0
41,management,divorced,tertiary,no,1181,yes,no,cellular,19,aug,167,7,-1,0,,0
59,management,married,secondary,no,3110,yes,no,cellular,17,nov,205,2,-1,0,,0
38,management,single,tertiary,no,1749,yes,no,cellular,11,jul,125,2,-1,0,,0
42,entrepreneur,married,secondary,no,700,yes,yes,cellular,20,apr,375,3,154,1,failure,0
36,blue-collar,single,primary,no,1311,yes,no,,8,may,611,4,-1,0,,1
36,technician,single,tertiary,no,735,no,no,cellular,20,aug,166,9,-1,0,,0
44,services,single,secondary,no,4826,no,no,cellular,4,feb,741,3,-1,0,,0
34,management,married,tertiary,no,1600,no,no,cellular,18,nov,193,2,124,2,failure,0
43,admin.,married,secondary,no,870,yes,no,cellular,8,may,478,3,-1,0,,0
41,services,single,secondary,no,504,yes,no,,7,may,277,2,-1,0,,0
52,management,married,secondary,yes,-298,yes,no,cellular,18,nov,243,2,-1,0,,0
59,technician,married,,no,940,yes,no,cellular,2,aug,178,4,277,1,success,1
63,management,married,secondary,no,1471,no,no,telephone,13,may,195,3,370,3,failure,0
39,technician,single,secondary,no,1062,yes,no,cellular,17,apr,124,3,-1,0,,0
48,services,married,primary,no,1861,yes,no,,19,may,180,6,-1,0,,0
35,technician,single,secondary,no,744,no,no,cellular,2,feb,270,6,175,2,failure,0
42,management,married,tertiary,no,878,no,no,cellular,6,aug,240,4,-1,0,,0
55,blue-collar,divorced,primary,no,1302,yes,no,cellular,11,may,417,2,284,2,failure,0
29,admin.,single,tertiary,no,1460,yes,no,cellular,27,feb,128,3,-1,0,,0
55,admin.,single,secondary,yes,698,no,no,,5,may,472,4,-1,0,,0
38,admin.,married,secondary,no,1883,yes,no,cellular,20,apr,645,3,-1,0,,0
40,management,married,secondary,no,2598,yes,yes,,30,may,303,2,-1,0,,0
42,blue-collar,single,secondary,no,13856,yes,no,cellular,17,apr,361,5,331,1,failure,0
38,unemployed,single,secondary,no,10595,no,no,cellular,19,nov,426,3,-1,0,,0
35,blue-collar,married,secondary,no,4011,yes,no,,20,may,789,2,-1,0,,1
48,retired,married,secondary,no,1602,no,no,,26,may,276,2,-1,0,,0
36,blue-collar,married,secondary,no,1020,yes,no,,6,may,268,3,-1,0,,0
54,management,married,tertiary,no,907,yes,no,cellular,4,feb,169,2,-1,0,,0
43,self-employed,married,tertiary,no,1747,no,no,,6,jun,624,2,-1,0,,1
53,management,married,tertiary,no,1916,yes,yes,,30,may,314,3,-1,0,,0
54,retired,married,primary,no,1798,no,no,,17,jun,238,2,-1,0,,0
43,blue-collar,married,primary,no,3562,yes,no,,28,may,297,3,-1,0,,0
51,entrepreneur,married,tertiary,no,700,no,no,cellular,16,feb,331,3,-1,0,,1
57,management,married,secondary,no,436,no,yes,cellular,2,feb,220,2,-1,0,,0
38,technician,single,secondary,no,716,no,no,cellular,13,aug,1060,2,-1,0,,1
50,admin.,divorced,primary,no,1205,no,yes,cellular,18,jul,189,5,-1,0,,0
40,admin.,married,tertiary,no,1286,yes,no,cellular,28,jan,196,2,-1,0,,0
50,management,single,tertiary,no,700,no,no,cellular,22,aug,756,3,-1,0,,1
37,services,divorced,secondary,no,3058,yes,no,cellular,20,apr,599,4,-1,0,,0
51,technician,divorced,secondary,no,619,yes,no,cellular,21,nov,332,2,-1,0,,0
48,services,married,primary,no,1140,no,yes,telephone,22,jul,319,22,-1,0,,0
52,unemployed,married,primary,no,1308,no,no,cellular,30,jul,432,3,-1,0,,0
48,management,married,tertiary,no,926,yes,no,cellular,17,nov,146,4,-1,0,,0
36,management,married,tertiary,no,704,no,no,cellular,22,aug,265,5,-1,0,,0
34,unemployed,single,secondary,no,740,no,no,cellular,5,feb,203,2,-1,0,,0
54,housemaid,married,primary,no,938,no,no,cellular,27,aug,1038,6,-1,0,,0
30,student,single,secondary,no,1355,no,no,cellular,16,sep,260,2,-1,0,,1
37,management,single,tertiary,no,915,yes,no,cellular,27,mar,171,2,-1,0,,0
41,blue-collar,married,secondary,yes,1847,yes,yes,,26,may,184,3,-1,0,,0
38,blue-collar,married,secondary,no,1170,yes,yes,cellular,20,apr,287,2,-1,0,,0
43,blue-collar,married,primary,no,2073,yes,no,telephone,28,jul,151,6,-1,0,,0
37,technician,single,secondary,no,1527,yes,no,cellular,12,aug,128,5,-1,0,,0
57,entrepreneur,married,tertiary,no,2661,no,no,cellular,15,dec,421,2,-1,0,,1
59,admin.,single,secondary,yes,1686,no,yes,cellular,2,feb,82,4,-1,0,,0
34,management,single,tertiary,no,4110,yes,no,cellular,18,may,210,2,-1,0,,0
32,blue-collar,single,secondary,no,1502,yes,no,,28,may,265,4,-1,0,,0
29,admin.,married,secondary,no,710,yes,no,,9,may,463,3,-1,0,,0
52,admin.,divorced,secondary,no,832,yes,no,,30,may,241,2,-1,0,,0
49,services,married,secondary,no,700,yes,yes,,23,may,338,2,-1,0,,0
32,management,single,tertiary,no,2284,yes,no,cellular,1,sep,292,3,-1,0,,1
43,management,married,tertiary,no,712,yes,no,,23,may,200,2,-1,0,,0
34,management,married,tertiary,no,3660,no,no,cellular,11,aug,440,5,-1,0,,0
55,retired,married,secondary,no,735,no,yes,cellular,8,jul,193,5,-1,0,,0
41,management,single,tertiary,no,1533,yes,no,cellular,14,may,282,2,-1,0,,0
44,self-employed,married,primary,no,1135,yes,yes,,3,jun,201,6,-1,0,,0
58,retired,divorced,secondary,yes,500,no,yes,cellular,4,feb,141,2,243,1,failure,0
48,technician,married,secondary,no,2019,no,no,cellular,4,jun,147,3,-1,0,,0
44,technician,married,secondary,no,1776,no,no,cellular,7,aug,396,3,-1,0,,0
63,admin.,married,secondary,no,502,yes,yes,cellular,8,may,276,2,-1,0,,0
31,blue-collar,married,secondary,no,1313,yes,no,,19,may,135,4,-1,0,,0
56,management,married,tertiary,no,700,yes,yes,cellular,7,may,611,4,343,5,failure,0
51,management,single,tertiary,no,470,no,no,cellular,4,feb,363,2,-1,0,,0
40,blue-collar,married,secondary,no,1675,yes,no,cellular,7,may,256,3,295,1,failure,0
43,student,single,,no,764,no,no,cellular,12,nov,436,3,98,1,failure,0
49,blue-collar,married,primary,no,1191,yes,yes,cellular,12,may,133,6,370,1,other,0
54,blue-collar,married,primary,no,1559,yes,yes,telephone,28,jul,110,8,-1,0,,0
53,management,married,tertiary,no,700,no,no,cellular,19,nov,279,4,-1,0,,0
62,retired,married,secondary,no,1310,yes,no,,6,jun,721,2,-1,0,,0
31,management,single,tertiary,no,1077,no,no,cellular,21,aug,241,4,91,1,failure,0
44,housemaid,married,tertiary,no,700,no,no,,6,oct,76,2,-1,0,,0
39,management,single,tertiary,no,1174,yes,yes,cellular,29,jan,442,2,-1,0,,0
31,admin.,single,secondary,no,701,yes,no,,12,may,156,2,-1,0,,0
41,blue-collar,married,primary,no,3514,yes,no,cellular,20,nov,689,4,-1,0,,0
40,management,married,tertiary,no,1202,yes,no,,21,may,579,2,-1,0,,0
46,technician,married,tertiary,no,939,yes,yes,,6,may,261,4,-1,0,,0
36,student,single,tertiary,no,700,no,no,cellular,6,aug,171,6,3,6,other,0
35,housemaid,married,primary,no,1679,no,yes,cellular,18,aug,368,11,-1,0,,0
60,technician,married,secondary,no,3547,no,no,cellular,8,apr,397,2,-1,0,,1
51,housemaid,single,tertiary,no,3932,no,no,telephone,16,mar,364,2,274,2,failure,0
40,blue-collar,divorced,primary,no,1366,yes,no,cellular,11,may,355,2,-1,0,,0
30,management,single,tertiary,no,3392,no,no,,28,may,229,3,-1,0,,0
36,technician,married,secondary,no,1467,yes,yes,cellular,4,feb,112,2,-1,0,,0
41,blue-collar,married,,no,1597,yes,no,cellular,13,apr,189,3,280,2,failure,0
39,services,married,secondary,no,770,yes,yes,cellular,8,may,267,2,350,4,failure,0
30,self-employed,single,secondary,no,1167,yes,yes,,4,jun,160,3,-1,0,,0
59,self-employed,divorced,secondary,no,700,no,no,cellular,29,jul,164,3,-1,0,,0
35,technician,single,tertiary,no,1648,yes,no,,8,may,161,3,-1,0,,0
57,housemaid,single,primary,no,780,no,no,cellular,5,feb,300,3,-1,0,,0
28,blue-collar,single,secondary,no,276,yes,no,cellular,20,apr,80,7,-1,0,,0
50,technician,married,tertiary,no,1105,no,no,cellular,11,aug,208,4,-1,0,,0
35,technician,married,secondary,no,5641,yes,no,,23,may,574,2,-1,0,,0
35,admin.,single,secondary,no,999,yes,no,,7,may,562,3,-1,0,,0
48,blue-collar,married,secondary,no,1827,no,no,cellular,16,jun,469,2,-1,0,,0
31,management,married,tertiary,no,733,yes,no,cellular,18,jul,407,2,-1,0,,0
53,admin.,married,secondary,no,1382,no,no,cellular,22,aug,156,5,-1,0,,0
82,retired,divorced,,no,700,no,no,telephone,8,oct,329,2,-1,0,,0
61,admin.,married,secondary,no,17573,no,no,cellular,14,oct,289,4,372,1,failure,0
51,blue-collar,married,primary,no,3342,no,no,cellular,13,aug,380,3,-1,0,,0
40,services,single,secondary,yes,245,no,no,,27,may,194,2,-1,0,,0
32,technician,married,secondary,no,1187,yes,no,,13,may,246,5,-1,0,,0
34,technician,single,secondary,no,1516,yes,no,,14,nov,249,2,-1,0,,1
46,technician,divorced,secondary,no,1024,yes,no,cellular,27,aug,273,3,-1,0,,0
39,services,married,secondary,no,1753,yes,no,,16,may,95,2,-1,0,,0
39,admin.,married,secondary,no,3021,yes,no,cellular,12,may,376,3,-1,0,,0
33,unemployed,single,secondary,no,2262,yes,no,cellular,5,feb,356,2,-1,0,,0
36,admin.,single,secondary,no,9326,no,no,cellular,7,dec,270,2,196,2,failure,0
53,blue-collar,single,primary,no,535,yes,yes,cellular,28,jul,221,4,-1,0,,0
48,admin.,married,secondary,no,706,no,yes,cellular,21,jul,184,3,-1,0,,0
55,services,divorced,secondary,no,1218,yes,no,telephone,17,nov,146,2,-1,0,,0
34,management,single,tertiary,no,11978,no,no,cellular,4,may,326,4,-1,0,,0
39,services,single,secondary,no,749,no,no,cellular,30,jan,416,2,-1,0,,0
38,housemaid,married,secondary,no,1090,yes,no,cellular,15,jul,729,4,-1,0,,0
40,services,married,secondary,no,845,yes,no,cellular,2,feb,179,2,252,2,other,0
43,technician,married,secondary,no,516,no,yes,,17,jun,255,4,-1,0,,0
62,management,married,tertiary,no,4852,yes,no,telephone,14,nov,230,2,-1,0,,1
37,management,single,tertiary,no,1673,no,no,cellular,29,jan,832,2,-1,0,,0
39,technician,married,tertiary,no,1093,no,no,cellular,29,aug,220,3,-1,0,,0
41,technician,married,secondary,no,835,yes,no,cellular,12,may,338,4,-1,0,,0
56,management,single,tertiary,no,6428,yes,no,cellular,21,nov,149,4,-1,0,,0
41,technician,single,secondary,no,1955,yes,no,,30,may,294,3,-1,0,,0
37,management,single,tertiary,no,831,yes,no,cellular,12,oct,279,4,427,2,failure,1
44,unemployed,married,secondary,no,2479,yes,no,,5,jun,129,8,-1,0,,0
37,blue-collar,single,primary,no,700,no,no,telephone,9,jul,153,2,-1,0,,0
44,blue-collar,married,secondary,no,1800,yes,no,,29,may,730,3,-1,0,,0
47,management,divorced,tertiary,no,3067,no,no,cellular,22,sep,153,2,113,3,success,1
53,services,married,,no,2199,yes,no,cellular,8,may,157,2,-1,0,,0
74,retired,married,primary,no,8481,no,no,cellular,3,jul,292,2,-1,0,,0
69,housemaid,married,primary,no,1415,no,no,cellular,11,mar,393,2,-1,0,,1
53,admin.,married,secondary,no,2023,yes,no,cellular,18,nov,154,2,-1,0,,0
53,management,divorced,tertiary,no,3264,yes,no,cellular,31,jul,814,9,-1,0,,0
59,admin.,married,secondary,no,220,no,no,cellular,16,jul,608,3,-1,0,,0
35,admin.,married,tertiary,no,780,yes,yes,cellular,13,oct,133,2,-1,0,,0
55,management,married,tertiary,no,2400,no,no,cellular,4,aug,217,2,-1,0,,0
51,blue-collar,married,secondary,no,1390,yes,no,cellular,9,jul,183,2,-1,0,,0
39,services,single,secondary,no,1939,yes,no,cellular,5,may,130,3,347,1,failure,0
58,blue-collar,married,primary,no,3870,yes,no,,27,may,132,5,-1,0,,0
46,management,married,tertiary,no,1681,yes,no,cellular,17,nov,346,2,-1,0,,0
46,management,married,tertiary,no,760,no,no,cellular,6,aug,496,4,-1,0,,0
27,blue-collar,single,secondary,no,727,yes,no,,2,jun,350,3,-1,0,,0
26,student,single,,no,2981,no,no,cellular,8,sep,291,2,-1,0,,0
37,self-employed,married,secondary,no,1109,no,no,cellular,8,sep,235,2,97,4,success,1
36,technician,married,secondary,no,1224,no,no,cellular,5,aug,563,2,-1,0,,0
33,management,married,tertiary,no,1182,no,no,cellular,22,apr,149,2,-1,0,,0
39,management,single,tertiary,no,1381,no,no,cellular,18,feb,807,2,561,2,success,1
52,services,married,secondary,no,825,no,no,cellular,14,aug,159,8,-1,0,,0
30,management,single,secondary,no,1309,yes,no,cellular,21,jul,664,2,-1,0,,0
36,management,divorced,primary,no,837,yes,no,,20,may,83,13,-1,0,,0
43,services,married,secondary,no,3513,no,no,,12,jun,793,3,-1,0,,0
32,blue-collar,single,primary,no,754,yes,no,cellular,14,may,603,2,371,1,other,1
30,admin.,single,secondary,no,794,no,no,cellular,29,jan,241,2,-1,0,,0
40,blue-collar,married,secondary,no,510,yes,no,,27,may,418,3,-1,0,,0
55,entrepreneur,divorced,tertiary,no,2809,no,no,cellular,13,oct,149,3,-1,0,,1
41,management,married,tertiary,no,711,no,no,cellular,21,nov,396,2,-1,0,,0
36,technician,married,tertiary,no,1829,yes,no,,23,may,259,2,-1,0,,0
54,unemployed,married,primary,no,989,yes,no,cellular,12,may,370,6,-1,0,,0
55,entrepreneur,married,tertiary,no,6103,no,no,,6,jun,112,2,-1,0,,0
44,retired,married,primary,no,1107,yes,no,cellular,2,feb,270,2,271,1,failure,0
55,admin.,married,secondary,no,-195,yes,no,cellular,20,apr,174,6,-1,0,,0
52,admin.,single,secondary,no,7327,yes,no,cellular,16,apr,503,3,-1,0,,0
35,admin.,married,secondary,no,723,no,no,cellular,14,jul,147,4,-1,0,,0
40,self-employed,married,tertiary,no,12832,no,no,telephone,21,nov,216,2,-1,0,,0
46,technician,single,tertiary,no,4608,yes,no,telephone,4,feb,113,6,-1,0,,0
47,blue-collar,married,secondary,no,589,yes,no,,29,may,202,4,-1,0,,0
25,admin.,single,,no,672,yes,no,,27,may,195,2,-1,0,,0
59,technician,divorced,secondary,yes,984,yes,no,cellular,7,aug,148,3,-1,0,,0
56,admin.,single,secondary,no,3032,no,no,cellular,29,jul,178,3,-1,0,,0
48,self-employed,single,secondary,no,825,yes,no,telephone,17,apr,179,4,-1,0,,0
30,student,single,tertiary,no,994,no,no,cellular,5,mar,157,2,91,2,success,1
40,technician,single,secondary,no,798,no,no,cellular,30,jan,841,2,-1,0,,1
59,blue-collar,married,secondary,no,1531,yes,no,,14,may,214,2,-1,0,,0
40,management,married,tertiary,no,-125,no,no,,27,may,165,2,-1,0,,0
34,management,single,secondary,no,1160,yes,no,cellular,18,nov,156,2,-1,0,,0
28,management,single,secondary,no,1353,yes,no,,27,jun,317,4,-1,0,,0
31,blue-collar,single,secondary,no,1979,yes,yes,,21,may,520,2,-1,0,,0
34,blue-collar,single,secondary,no,1274,no,no,cellular,5,feb,81,7,-1,0,,0
60,retired,married,secondary,no,1088,yes,no,cellular,5,aug,150,2,-1,0,,0
55,technician,married,tertiary,no,8038,no,no,cellular,18,nov,152,2,-1,0,,0
36,technician,married,tertiary,no,1287,no,no,cellular,20,aug,282,5,-1,0,,0
43,services,married,secondary,no,754,yes,no,cellular,10,jul,536,2,-1,0,,0
47,management,single,primary,yes,661,yes,no,cellular,31,jul,79,24,-1,0,,0
46,technician,single,secondary,no,975,no,no,cellular,29,jul,592,4,-1,0,,0
35,self-employed,single,tertiary,yes,418,yes,no,cellular,20,nov,201,4,-1,0,,0
68,retired,divorced,primary,no,1015,no,no,cellular,17,feb,224,2,-1,0,,1
38,services,married,secondary,no,780,no,yes,cellular,10,jul,310,2,-1,0,,0
35,admin.,married,secondary,yes,649,no,yes,cellular,26,aug,243,3,-1,0,,0
43,admin.,single,secondary,no,1482,yes,no,cellular,2,jun,232,3,28,15,failure,0
34,self-employed,single,tertiary,no,837,yes,no,cellular,11,may,284,2,-1,0,,0
34,technician,single,tertiary,no,700,no,yes,telephone,14,aug,296,4,-1,0,,0
67,retired,married,primary,no,1784,no,no,cellular,14,oct,271,2,183,1,success,0
47,admin.,divorced,secondary,no,16211,yes,no,,2,jun,554,2,-1,0,,0
62,management,married,primary,no,2427,no,no,telephone,1,jun,406,3,-1,0,,0
59,technician,divorced,secondary,no,761,yes,yes,cellular,25,aug,183,4,-1,0,,0
36,management,single,tertiary,no,1633,yes,no,cellular,12,may,217,5,307,1,failure,0
35,services,single,secondary,no,1216,yes,no,,13,may,341,3,-1,0,,0
56,services,married,secondary,no,1197,yes,no,telephone,15,jul,335,6,-1,0,,0
36,blue-collar,married,secondary,no,922,yes,no,cellular,11,may,368,3,-1,0,,0
58,blue-collar,divorced,secondary,no,700,yes,yes,,29,may,343,3,-1,0,,0
39,management,married,tertiary,no,1567,yes,no,,2,jun,300,4,-1,0,,1
63,retired,divorced,secondary,no,1179,no,no,cellular,4,feb,107,6,-1,0,,0
55,blue-collar,divorced,primary,no,1302,yes,no,cellular,11,may,417,2,284,2,failure,0
60,services,divorced,secondary,no,840,no,no,cellular,10,jul,243,2,-1,0,,0
57,technician,divorced,secondary,no,2856,yes,no,cellular,23,jul,741,5,-1,0,,0
34,student,single,secondary,no,1385,no,no,telephone,10,mar,300,3,-1,0,,0
39,management,married,tertiary,no,1487,no,no,cellular,20,nov,119,2,-1,0,,0
46,blue-collar,married,secondary,no,72,yes,yes,,15,may,321,2,-1,0,,0
51,management,divorced,tertiary,no,1013,yes,no,,6,jun,184,8,-1,0,,0
51,admin.,divorced,secondary,no,2639,yes,no,cellular,19,nov,220,2,174,1,failure,0
40,self-employed,married,primary,no,2722,no,no,,19,jun,141,3,-1,0,,0
42,services,married,secondary,no,1004,no,yes,,3,jul,201,2,-1,0,,0
59,retired,married,secondary,no,520,no,yes,,1,jul,377,3,-1,0,,0
41,blue-collar,married,secondary,no,6034,no,no,,6,jun,128,2,-1,0,,0
40,blue-collar,married,secondary,no,1893,no,no,cellular,30,oct,710,2,-1,0,,1
40,unemployed,single,primary,no,3262,no,no,,20,jun,559,3,-1,0,,0
49,technician,married,secondary,no,1699,yes,no,cellular,20,nov,285,7,188,2,failure,0
53,blue-collar,married,secondary,no,1022,no,no,cellular,14,aug,426,3,-1,0,,0
47,admin.,single,secondary,no,1126,yes,no,cellular,11,may,146,3,304,2,failure,0
51,entrepreneur,married,,yes,-745,yes,no,,12,may,449,3,-1,0,,0
47,management,married,tertiary,no,844,yes,no,,7,may,201,4,-1,0,,0
32,unemployed,single,tertiary,no,1710,yes,no,,4,jun,244,3,-1,0,,0
57,admin.,married,secondary,no,964,yes,no,cellular,5,feb,229,2,-1,0,,0
52,blue-collar,married,primary,no,4004,no,no,,11,jun,479,4,-1,0,,0
54,retired,married,primary,no,729,no,no,,20,jun,205,6,-1,0,,0
52,admin.,married,secondary,no,1006,no,yes,,17,jun,384,3,-1,0,,0
60,blue-collar,married,primary,no,2099,yes,no,,12,may,150,5,-1,0,,0
46,housemaid,divorced,primary,no,973,no,no,cellular,21,apr,424,2,-1,0,,0
41,self-employed,single,tertiary,no,1376,no,no,cellular,5,aug,203,3,-1,0,,0
37,admin.,single,secondary,no,1272,yes,no,cellular,30,jan,1366,3,-1,0,,0
64,management,married,secondary,no,864,no,yes,cellular,8,jul,241,2,-1,0,,0
56,blue-collar,married,primary,no,1284,yes,no,cellular,20,aug,146,19,-1,0,,0
58,self-employed,married,tertiary,no,1068,no,no,cellular,18,nov,144,3,110,4,failure,0
36,blue-collar,married,secondary,no,5696,yes,no,,20,may,275,3,-1,0,,0
36,technician,divorced,secondary,no,718,no,no,telephone,19,nov,90,2,177,1,failure,0
50,services,married,,no,1554,yes,no,cellular,3,apr,548,4,-1,0,,0
44,management,married,tertiary,no,1132,yes,yes,cellular,2,feb,171,2,-1,0,,0
62,blue-collar,married,,no,1403,no,no,,20,jun,107,4,-1,0,,0
41,management,married,primary,no,4653,yes,no,cellular,6,apr,680,3,138,1,failure,0
48,admin.,married,secondary,no,1129,yes,no,cellular,28,jan,169,2,246,4,failure,0
35,blue-collar,married,secondary,no,1817,yes,no,,28,may,410,4,-1,0,,0
58,management,married,tertiary,no,1097,yes,no,cellular,11,may,172,2,-1,0,,0
55,retired,married,secondary,no,2827,yes,no,,5,may,242,2,-1,0,,0
44,housemaid,married,primary,no,784,no,yes,,1,jul,498,3,-1,0,,0
36,blue-collar,married,secondary,no,700,yes,no,cellular,9,feb,77,8,-1,0,,0
38,unemployed,married,secondary,no,1678,no,no,cellular,3,jun,332,3,71,1,success,1
33,,single,,no,909,no,no,,29,may,416,7,-1,0,,0
36,blue-collar,married,primary,no,10450,yes,no,cellular,21,nov,121,3,-1,0,,0
32,services,single,secondary,no,1040,yes,no,cellular,24,jul,891,3,-1,0,,1
47,entrepreneur,married,,no,800,yes,no,,5,may,772,2,-1,0,,0
37,blue-collar,married,secondary,no,623,yes,no,cellular,28,jul,221,4,-1,0,,0
36,blue-collar,divorced,,no,991,yes,yes,,27,jun,190,7,-1,0,,0
50,management,divorced,secondary,no,845,yes,no,cellular,20,apr,183,3,270,5,failure,0
60,housemaid,married,primary,no,1145,no,no,cellular,21,nov,83,7,-1,0,,0
75,retired,married,tertiary,no,4595,no,no,cellular,7,aug,186,2,-1,0,,0
35,technician,single,tertiary,no,3922,yes,no,cellular,28,jan,245,2,-1,0,,0
50,blue-collar,married,primary,no,2641,yes,no,cellular,2,feb,160,2,-1,0,,0
67,admin.,divorced,secondary,no,5380,no,no,cellular,15,sep,1023,3,-1,0,,1
47,retired,married,primary,no,1100,yes,no,telephone,28,jul,352,4,-1,0,,0
52,self-employed,married,tertiary,no,700,no,no,cellular,30,jul,170,6,-1,0,,0
35,technician,single,secondary,no,1367,yes,no,cellular,21,nov,349,2,-1,0,,0
39,blue-collar,single,,no,1184,no,no,cellular,12,apr,213,3,186,1,failure,0
33,technician,single,secondary,no,842,yes,yes,,20,jun,382,3,-1,0,,0
36,unemployed,single,secondary,no,3406,no,no,cellular,21,nov,532,4,-1,0,,0
60,management,married,tertiary,no,1364,no,yes,cellular,18,nov,141,2,-1,0,,0
45,services,married,secondary,no,1350,yes,no,cellular,7,jul,219,6,-1,0,,0
37,,married,tertiary,no,700,yes,no,,20,jun,97,17,-1,0,,0
40,management,single,tertiary,no,1727,yes,no,cellular,4,jun,221,2,-1,0,,0
41,management,married,tertiary,no,12091,yes,no,cellular,21,nov,173,2,-1,0,,0
49,blue-collar,married,secondary,no,23628,no,no,,6,jun,183,2,-1,0,,0
30,management,single,tertiary,no,1727,no,no,cellular,23,sep,814,2,-1,0,,1
33,admin.,married,secondary,no,7129,yes,yes,cellular,14,may,605,2,352,2,failure,0
34,technician,single,secondary,no,705,no,no,cellular,19,aug,190,7,-1,0,,0
30,technician,single,secondary,no,2573,no,no,cellular,2,aug,1083,4,276,2,other,0
31,blue-collar,married,secondary,no,1184,yes,no,cellular,15,may,280,2,361,2,failure,0
30,admin.,married,secondary,no,3860,yes,no,,27,may,224,2,-1,0,,0
56,management,married,tertiary,no,1667,no,no,cellular,25,aug,542,11,-1,0,,0
42,management,married,tertiary,no,2054,yes,no,cellular,8,jun,197,4,130,2,failure,0
60,management,married,primary,no,676,yes,no,,7,may,375,4,-1,0,,0
53,blue-collar,married,primary,no,1212,yes,yes,cellular,21,nov,196,2,-1,0,,0
36,admin.,married,secondary,no,1695,no,no,cellular,3,sep,401,2,99,2,other,1
32,services,married,secondary,no,922,yes,no,,29,may,171,24,-1,0,,0
34,blue-collar,married,secondary,no,982,yes,yes,,23,may,218,3,-1,0,,0
32,services,single,secondary,no,929,yes,no,,9,may,392,2,-1,0,,0
49,technician,married,secondary,no,4644,yes,no,cellular,18,nov,211,2,-1,0,,0
64,retired,married,secondary,no,778,no,yes,,27,jun,221,3,-1,0,,0
44,services,married,secondary,no,322,yes,yes,cellular,13,may,611,2,295,6,failure,0
60,blue-collar,married,primary,no,584,yes,no,cellular,8,may,1084,3,-1,0,,0
53,blue-collar,married,secondary,no,9245,yes,yes,cellular,20,nov,245,2,-1,0,,0
26,student,single,secondary,no,1189,no,no,,28,may,293,6,-1,0,,0
37,blue-collar,married,secondary,no,2486,no,no,cellular,10,jul,279,2,-1,0,,0
34,blue-collar,married,secondary,no,1019,no,no,cellular,27,jan,280,3,-1,0,,0
59,blue-collar,married,secondary,no,793,no,yes,cellular,28,jan,181,2,-1,0,,0
62,blue-collar,divorced,secondary,no,1014,no,no,,25,jun,137,3,-1,0,,0
54,services,married,secondary,no,3076,yes,no,cellular,24,sep,465,2,-1,0,,1
37,technician,single,secondary,no,3181,no,no,cellular,21,nov,183,2,101,2,failure,0
46,self-employed,single,tertiary,no,1925,no,no,cellular,18,aug,174,4,-1,0,,0
45,blue-collar,married,secondary,no,1601,yes,no,,6,jun,150,4,-1,0,,0
51,blue-collar,married,primary,no,1936,no,no,cellular,28,jan,233,2,-1,0,,0
37,technician,single,secondary,no,1774,yes,yes,cellular,14,may,378,3,-1,0,,0
30,admin.,married,secondary,no,5931,no,yes,cellular,17,jul,292,3,-1,0,,0
47,entrepreneur,married,secondary,no,1809,yes,no,cellular,6,aug,134,5,-1,0,,0
38,technician,single,tertiary,no,10551,yes,no,cellular,20,nov,198,6,-1,0,,0
37,management,single,tertiary,no,1137,yes,no,cellular,21,nov,355,2,179,4,other,0
48,services,divorced,secondary,no,332,yes,no,cellular,5,may,965,2,-1,0,,1
51,technician,married,secondary,no,2946,yes,no,cellular,10,jul,400,2,-1,0,,0
32,technician,married,secondary,no,839,yes,yes,cellular,8,apr,142,2,-1,0,,0
39,admin.,single,secondary,no,1207,yes,no,cellular,22,jul,630,3,-1,0,,1
45,management,married,tertiary,no,16487,no,yes,cellular,3,jun,245,4,-1,0,,0
31,management,single,tertiary,no,2323,no,no,cellular,9,dec,231,2,190,1,success,0
36,services,married,secondary,no,862,yes,no,,14,may,367,3,-1,0,,0
33,management,divorced,tertiary,no,1259,yes,no,cellular,18,may,76,5,-1,0,,0
46,services,married,secondary,no,700,no,no,,18,jun,188,7,-1,0,,0
33,technician,single,secondary,no,534,yes,no,,16,may,393,3,-1,0,,0
45,entrepreneur,married,primary,no,700,yes,yes,cellular,18,nov,381,2,-1,0,,0
45,unemployed,single,tertiary,no,779,no,no,telephone,9,nov,464,2,390,2,success,1
44,technician,single,tertiary,no,1131,no,no,cellular,7,jul,250,3,-1,0,,1
39,blue-collar,single,secondary,no,700,yes,no,cellular,11,may,441,2,305,1,failure,0
36,technician,single,tertiary,no,1000,no,no,cellular,11,aug,233,3,-1,0,,0
58,housemaid,married,secondary,no,1662,yes,no,cellular,29,oct,358,4,-1,0,,1
46,housemaid,married,tertiary,no,700,no,no,cellular,26,aug,182,11,-1,0,,0
51,management,married,,no,1828,no,no,cellular,28,jan,135,3,-1,0,,0
56,blue-collar,married,primary,no,637,yes,no,,26,may,630,5,-1,0,,0
54,management,married,primary,no,2158,no,no,cellular,28,jan,162,2,-1,0,,0
63,entrepreneur,married,secondary,no,1196,no,no,cellular,22,oct,808,4,183,1,success,1
41,entrepreneur,married,primary,no,2229,yes,no,cellular,20,apr,271,4,-1,0,,0
47,technician,divorced,secondary,no,859,no,no,cellular,11,aug,230,3,-1,0,,0
44,technician,married,secondary,no,3038,no,no,cellular,16,oct,787,3,-1,0,,1
31,admin.,married,tertiary,no,1265,yes,no,cellular,2,jul,218,2,-1,0,,0
39,entrepreneur,married,secondary,no,2009,yes,no,cellular,18,nov,143,4,-1,0,,0
53,blue-collar,married,secondary,no,2560,no,no,cellular,25,aug,220,4,-1,0,,0
33,self-employed,single,secondary,no,1886,no,no,cellular,10,jul,383,2,-1,0,,0
55,housemaid,married,,no,21944,no,yes,cellular,4,aug,236,3,-1,0,,0
52,technician,married,tertiary,no,700,no,no,telephone,26,aug,246,16,-1,0,,0
35,self-employed,single,secondary,no,700,yes,no,cellular,15,jul,434,3,-1,0,,0
54,technician,married,secondary,no,1089,yes,no,,8,may,180,2,-1,0,,0
52,technician,married,tertiary,no,1358,yes,no,cellular,17,jul,159,2,-1,0,,0
50,blue-collar,married,primary,no,1376,yes,no,cellular,20,nov,895,7,174,4,failure,0
57,technician,married,primary,no,744,no,no,,6,jun,326,2,-1,0,,0
63,retired,divorced,primary,no,720,no,no,cellular,10,jul,368,2,-1,0,,0
48,self-employed,single,tertiary,no,849,yes,no,,19,may,402,11,-1,0,,0
66,blue-collar,married,primary,no,815,no,no,telephone,29,oct,227,5,183,3,failure,0
46,management,married,tertiary,no,1531,yes,no,cellular,14,jul,525,4,-1,0,,0
42,management,single,tertiary,no,708,yes,no,cellular,28,jul,289,3,-1,0,,0
47,services,single,secondary,no,4103,yes,no,cellular,12,nov,777,3,97,2,success,1
48,management,married,tertiary,no,5033,no,no,cellular,6,aug,138,7,-1,0,,0
38,technician,divorced,tertiary,no,766,no,yes,cellular,5,feb,172,2,170,2,failure,0
63,housemaid,married,primary,no,705,no,yes,telephone,22,jul,274,3,-1,0,,0
38,management,married,tertiary,no,858,no,no,cellular,9,mar,282,4,181,6,success,1
43,blue-collar,married,secondary,no,998,yes,no,,20,may,286,2,-1,0,,0
39,blue-collar,single,secondary,no,842,yes,no,cellular,20,nov,225,2,-1,0,,0
45,services,married,primary,no,1210,no,no,,9,jun,386,3,-1,0,,0
34,admin.,single,secondary,no,1709,yes,no,cellular,29,jan,323,2,-1,0,,0
37,technician,single,secondary,no,604,no,no,cellular,29,jan,283,5,-1,0,,0
47,services,married,secondary,no,3178,yes,no,,12,jun,227,2,-1,0,,0
40,technician,married,secondary,no,886,yes,no,cellular,12,may,257,4,-1,0,,0
47,technician,divorced,secondary,no,2312,no,no,cellular,28,aug,189,3,95,3,success,0
64,retired,divorced,primary,no,621,yes,yes,cellular,29,jan,262,2,-1,0,,0
49,management,married,tertiary,no,241,no,no,cellular,21,aug,578,7,-1,0,,0
31,services,single,secondary,no,1383,yes,no,,9,may,114,4,-1,0,,0
35,management,single,tertiary,no,25570,yes,no,,21,may,704,3,-1,0,,0
62,management,divorced,tertiary,no,1277,no,no,,15,may,1314,4,-1,0,,0
30,unemployed,single,tertiary,no,1070,no,no,cellular,30,jan,300,2,-1,0,,0
58,self-employed,married,tertiary,no,766,yes,no,telephone,12,may,316,3,-1,0,,0
59,management,married,primary,no,1084,no,no,telephone,4,feb,145,2,-1,0,,0
59,admin.,married,secondary,no,1565,yes,no,cellular,17,apr,155,2,151,1,failure,0
55,entrepreneur,divorced,tertiary,no,2809,no,no,cellular,13,oct,149,3,-1,0,,1
48,management,single,tertiary,no,1317,no,no,telephone,31,jul,100,3,-1,0,,0
29,services,single,,no,1042,no,no,cellular,29,jul,351,5,-1,0,,0
39,technician,married,secondary,no,700,no,no,cellular,11,jul,341,3,-1,0,,0
23,student,single,secondary,no,1326,no,no,telephone,15,apr,187,2,-1,0,,0
50,management,married,tertiary,no,1177,yes,no,,20,may,198,7,-1,0,,0
56,technician,married,,no,1070,yes,no,cellular,28,jan,214,2,197,2,failure,0
35,management,single,tertiary,no,3678,yes,no,cellular,8,aug,216,3,-1,0,,0
57,blue-collar,married,secondary,no,6812,no,no,cellular,3,feb,281,2,-1,0,,1
32,blue-collar,single,primary,no,3040,yes,no,,19,jun,469,2,-1,0,,0
35,admin.,married,secondary,no,1830,yes,no,cellular,23,jul,306,6,-1,0,,0
48,technician,married,secondary,no,547,no,yes,,26,jun,267,2,-1,0,,0
37,admin.,single,secondary,no,3257,yes,no,cellular,18,may,256,2,-1,0,,0
36,blue-collar,married,secondary,no,998,yes,no,,29,may,212,8,-1,0,,0
54,management,married,tertiary,no,2312,no,no,cellular,15,sep,258,2,92,4,success,0
42,services,married,secondary,no,2259,no,no,,16,jun,232,2,-1,0,,0
54,entrepreneur,married,tertiary,no,930,no,no,telephone,30,jul,1159,5,-1,0,,1
39,technician,single,tertiary,no,1003,no,no,cellular,13,aug,783,3,-1,0,,0
33,admin.,married,secondary,no,719,no,no,cellular,28,jan,150,2,-1,0,,0
36,management,single,tertiary,no,9136,yes,no,cellular,17,apr,315,2,149,2,failure,0
35,management,married,tertiary,no,899,yes,yes,cellular,11,aug,197,3,461,4,success,0
37,services,married,secondary,no,770,yes,no,cellular,21,jul,403,4,-1,0,,0
56,admin.,married,secondary,no,4933,no,no,,11,jun,228,3,-1,0,,0
39,management,married,,no,1828,yes,no,,4,jun,527,2,-1,0,,0
39,admin.,single,secondary,no,567,yes,no,cellular,14,may,616,4,-1,0,,0
45,blue-collar,married,secondary,no,3417,yes,yes,cellular,24,jul,629,3,-1,0,,0
60,admin.,divorced,,no,4946,yes,no,,6,may,374,3,-1,0,,0
39,management,married,tertiary,no,704,no,no,cellular,1,sep,227,3,-1,0,,0
34,admin.,married,secondary,no,1965,yes,yes,,26,may,484,3,-1,0,,1
35,management,married,tertiary,no,866,no,no,cellular,25,aug,462,7,-1,0,,0
29,blue-collar,single,secondary,no,1077,no,no,cellular,15,jul,1482,5,-1,0,,0
40,blue-collar,married,secondary,no,700,yes,no,cellular,17,apr,157,3,322,4,failure,0
64,,married,,no,17997,no,no,cellular,26,aug,734,12,-1,0,,1
25,student,single,tertiary,no,1958,no,no,cellular,7,jul,474,2,-1,0,,0
63,blue-collar,married,primary,no,609,yes,no,cellular,13,may,309,2,369,5,failure,0
59,services,married,secondary,no,4246,yes,yes,cellular,18,nov,658,2,110,2,failure,0
56,management,married,primary,no,1440,no,no,,16,jun,276,2,-1,0,,0
36,blue-collar,single,secondary,no,860,yes,no,,9,may,260,2,-1,0,,0
36,technician,single,tertiary,no,1239,yes,yes,,23,may,351,3,-1,0,,0
40,blue-collar,married,secondary,no,2092,no,yes,cellular,17,nov,301,2,-1,0,,0
40,blue-collar,married,primary,no,8835,yes,no,,20,may,592,2,-1,0,,0
31,blue-collar,single,secondary,no,720,yes,no,cellular,15,may,245,2,364,3,other,0
53,technician,married,secondary,no,1605,no,no,cellular,21,dec,455,8,131,2,failure,0
37,technician,married,tertiary,no,1225,yes,yes,cellular,30,jan,569,2,247,1,failure,0
41,blue-collar,single,secondary,no,6442,yes,yes,cellular,30,jan,658,2,-1,0,,0
81,retired,married,primary,no,1380,no,no,telephone,25,aug,173,4,-1,0,,0
56,self-employed,single,tertiary,no,2323,yes,no,,5,jun,91,18,-1,0,,0
52,management,married,tertiary,no,3660,no,no,,5,jun,156,2,-1,0,,0
54,blue-collar,married,primary,no,742,yes,no,,4,jun,240,4,-1,0,,0
32,self-employed,single,tertiary,no,3203,no,no,cellular,25,may,496,2,-1,0,,1
38,management,single,tertiary,no,1373,yes,yes,,20,may,190,2,-1,0,,0
47,self-employed,married,secondary,no,756,yes,no,cellular,8,may,682,4,-1,0,,0
52,admin.,married,secondary,no,1006,no,yes,,17,jun,384,3,-1,0,,0
51,admin.,married,secondary,no,1028,no,no,cellular,13,aug,330,3,-1,0,,0
47,management,married,tertiary,no,877,no,no,,20,jun,79,19,-1,0,,0
38,services,single,tertiary,no,788,no,no,cellular,26,feb,250,2,-1,0,,0
63,management,married,tertiary,no,3019,yes,no,,15,may,202,33,-1,0,,0
46,services,married,secondary,no,438,no,no,,28,may,184,4,-1,0,,0
42,services,married,,no,715,yes,no,cellular,18,may,303,2,-1,0,,0
48,blue-collar,married,primary,no,3491,no,no,,18,jun,405,2,-1,0,,0
25,management,single,secondary,no,1391,no,no,cellular,13,aug,289,2,101,2,other,0
39,admin.,married,secondary,no,822,yes,no,cellular,18,nov,121,5,-1,0,,0
34,student,single,,no,845,no,no,cellular,5,feb,166,4,175,1,failure,0
32,blue-collar,single,tertiary,no,2684,yes,no,cellular,4,may,102,3,14,1,failure,0
35,technician,married,secondary,no,998,no,no,cellular,22,aug,506,6,-1,0,,0
34,student,single,,no,1932,yes,no,,6,jun,122,5,-1,0,,0
38,technician,single,tertiary,no,1032,no,no,cellular,18,aug,145,8,-1,0,,0
46,blue-collar,married,secondary,no,270,yes,no,cellular,19,nov,368,3,-1,0,,0
35,technician,married,secondary,no,1483,no,no,telephone,9,feb,80,6,-1,0,,0
34,student,single,secondary,no,2746,no,no,telephone,21,apr,665,4,254,1,failure,1
30,admin.,single,tertiary,no,1317,no,no,cellular,15,jun,227,2,-1,0,,0
36,blue-collar,married,secondary,no,700,yes,no,,7,may,368,2,-1,0,,0
60,technician,single,primary,no,930,yes,no,,9,may,192,5,-1,0,,0
51,technician,married,secondary,no,3180,no,no,cellular,6,aug,833,3,-1,0,,1
62,blue-collar,married,primary,no,5054,yes,no,cellular,22,aug,168,8,-1,0,,0
48,technician,married,secondary,no,9638,yes,no,,3,jun,164,19,-1,0,,0
59,technician,married,tertiary,no,1347,yes,no,cellular,21,jul,220,5,-1,0,,0
62,blue-collar,married,primary,no,1009,no,no,cellular,19,aug,226,3,-1,0,,0
38,admin.,married,secondary,no,847,yes,yes,cellular,29,jul,127,8,-1,0,,0
47,blue-collar,single,secondary,no,9802,yes,no,cellular,19,nov,142,2,-1,0,,0
43,technician,married,secondary,no,816,no,no,cellular,24,aug,149,3,94,2,success,0
38,management,married,tertiary,no,700,no,no,cellular,6,aug,209,3,-1,0,,0
41,self-employed,married,secondary,no,826,no,yes,cellular,5,feb,383,8,-1,0,,0
36,blue-collar,married,primary,no,700,yes,no,cellular,20,apr,365,4,335,1,other,0
40,unemployed,single,tertiary,no,1236,no,no,cellular,19,nov,590,2,-1,0,,0
48,blue-collar,married,secondary,no,2397,yes,no,,4,jul,220,3,-1,0,,1
41,services,divorced,secondary,no,709,yes,yes,,17,jun,481,7,-1,0,,0
39,blue-collar,married,primary,no,1155,yes,no,cellular,13,may,643,8,327,3,failure,0
39,unemployed,married,secondary,no,1247,yes,no,cellular,6,feb,597,3,-1,0,,0
52,services,divorced,primary,no,3505,no,yes,cellular,23,jul,282,3,-1,0,,0
39,technician,married,secondary,no,1223,yes,yes,,16,may,165,2,-1,0,,0
38,admin.,divorced,secondary,no,700,yes,no,cellular,6,may,223,2,-1,0,,0
56,housemaid,married,primary,no,4498,yes,no,cellular,17,jul,1278,2,-1,0,,1
35,technician,single,secondary,no,1546,no,no,cellular,26,may,475,4,205,2,failure,1
38,blue-collar,married,primary,no,861,yes,yes,,20,may,247,2,-1,0,,0
35,management,single,tertiary,no,2785,yes,no,cellular,20,aug,217,5,-1,0,,0
51,services,married,secondary,no,4033,yes,yes,cellular,29,jul,184,3,-1,0,,0
42,technician,single,tertiary,no,1777,yes,yes,cellular,29,jan,157,2,-1,0,,0
49,retired,divorced,secondary,no,2435,no,yes,,17,jun,376,2,-1,0,,0
31,admin.,single,secondary,no,1391,yes,no,,3,jun,488,3,-1,0,,0
56,blue-collar,married,,no,733,no,no,telephone,8,may,371,2,-1,0,,0
58,management,married,secondary,no,3393,no,no,cellular,22,mar,292,2,188,6,other,1
48,management,married,tertiary,no,8185,no,no,cellular,5,aug,257,3,-1,0,,0
40,technician,married,secondary,no,886,yes,no,cellular,12,may,257,4,-1,0,,0
45,entrepreneur,married,tertiary,no,1067,no,yes,cellular,9,feb,83,6,-1,0,,0
39,services,married,secondary,no,2117,yes,no,cellular,14,may,135,4,-1,0,,0
50,blue-collar,married,secondary,no,4247,no,no,cellular,20,aug,465,7,-1,0,,0
30,services,single,secondary,no,2858,yes,yes,telephone,5,jun,297,2,-1,0,,0
37,self-employed,single,tertiary,no,1001,yes,no,cellular,17,apr,516,2,-1,0,,0
38,technician,single,tertiary,no,844,yes,yes,cellular,14,oct,174,2,85,19,failure,0
33,management,single,tertiary,no,812,yes,yes,,28,may,187,3,-1,0,,0
62,self-employed,married,primary,no,1428,no,no,,20,jun,182,5,-1,0,,0
48,technician,single,primary,no,848,no,no,,19,jun,381,3,-1,0,,0
61,admin.,divorced,secondary,no,18968,yes,no,cellular,19,nov,138,2,-1,0,,0
53,technician,divorced,tertiary,no,2507,yes,no,cellular,2,jun,295,2,82,1,success,0
42,management,married,secondary,no,1036,yes,no,cellular,20,apr,329,4,-1,0,,0
36,technician,married,secondary,no,10308,no,no,cellular,8,aug,184,5,-1,0,,0
44,admin.,single,secondary,no,1685,yes,no,cellular,4,jun,662,4,50,8,failure,1
39,management,single,secondary,no,700,no,no,cellular,21,aug,233,2,-1,0,,0
40,technician,single,tertiary,no,1091,yes,no,cellular,15,may,255,2,350,8,failure,0
52,management,married,tertiary,no,1434,yes,no,,17,jun,1278,4,-1,0,,0
45,admin.,divorced,primary,no,4770,yes,no,,6,may,210,3,-1,0,,0
49,services,married,secondary,no,2250,yes,no,,5,jun,197,7,-1,0,,0
62,admin.,married,secondary,no,7578,no,no,cellular,4,aug,218,2,-1,0,,0
49,management,single,tertiary,no,2111,no,no,cellular,7,sep,870,3,102,3,failure,1
36,admin.,married,secondary,no,969,yes,no,cellular,19,nov,306,2,-1,0,,0
37,technician,single,tertiary,no,8797,no,yes,cellular,21,aug,570,3,-1,0,,0
48,management,married,tertiary,yes,689,no,no,cellular,26,aug,387,6,-1,0,,0
48,admin.,married,secondary,no,938,yes,yes,,2,jun,376,5,-1,0,,0
40,self-employed,married,tertiary,no,1334,yes,no,cellular,21,nov,439,3,-1,0,,0
48,technician,single,tertiary,no,922,yes,yes,,3,jul,159,2,-1,0,,0
30,blue-collar,married,secondary,no,945,yes,no,,26,may,86,12,-1,0,,0
40,technician,married,secondary,no,16185,no,no,cellular,26,may,153,2,42,1,success,0
44,technician,married,secondary,no,1482,yes,no,,14,may,294,3,-1,0,,0
42,blue-collar,married,secondary,no,697,no,yes,,5,jun,242,2,-1,0,,0
41,technician,divorced,secondary,no,984,yes,no,cellular,11,may,252,6,-1,0,,0
36,blue-collar,married,primary,no,2577,yes,no,,16,may,671,2,-1,0,,0
62,technician,married,secondary,no,901,no,no,cellular,10,jul,152,6,-1,0,,0
53,admin.,married,secondary,no,700,no,no,cellular,30,apr,621,2,-1,0,,1
35,student,single,secondary,no,1130,no,no,cellular,5,feb,199,5,-1,0,,0
31,self-employed,single,secondary,no,749,yes,no,cellular,30,jan,278,3,-1,0,,0
36,management,married,tertiary,no,1672,no,no,cellular,14,aug,367,5,-1,0,,0
38,admin.,married,secondary,no,558,yes,no,cellular,3,feb,177,4,-1,0,,0
30,blue-collar,single,tertiary,no,1344,no,no,cellular,2,dec,416,2,-1,0,,1
34,technician,married,secondary,no,3026,no,no,cellular,14,dec,490,2,175,2,failure,1
40,management,single,tertiary,no,700,no,no,cellular,13,aug,366,9,-1,0,,0
35,technician,single,tertiary,no,5261,yes,no,cellular,15,may,371,2,274,2,failure,0
47,management,married,tertiary,no,1858,yes,no,telephone,12,may,306,7,342,1,other,0
36,services,married,secondary,no,2098,yes,yes,cellular,15,may,303,2,-1,0,,0
47,technician,married,secondary,no,-96,no,no,cellular,7,jul,260,5,-1,0,,0
49,entrepreneur,married,primary,no,600,yes,no,,27,may,310,7,-1,0,,0
57,blue-collar,single,primary,no,563,yes,yes,,28,may,142,2,-1,0,,0
45,management,married,secondary,no,1311,yes,no,cellular,6,feb,108,2,212,1,other,0
30,technician,married,secondary,no,1576,yes,no,,28,may,783,2,-1,0,,0
56,management,married,tertiary,no,1398,yes,no,cellular,11,jul,283,3,-1,0,,0
49,management,divorced,tertiary,no,1402,no,yes,cellular,9,jul,180,2,-1,0,,0
47,admin.,divorced,secondary,no,1438,yes,no,,14,may,141,5,-1,0,,0
55,admin.,married,secondary,no,813,yes,no,cellular,17,nov,154,2,-1,0,,0
58,services,single,secondary,no,1192,no,no,,6,jun,400,2,-1,0,,0
44,admin.,divorced,secondary,no,2667,yes,no,,11,jun,433,2,-1,0,,0
44,management,single,tertiary,no,885,no,no,cellular,29,aug,243,5,-1,0,,0
42,admin.,married,secondary,no,-62,no,no,,29,may,235,2,-1,0,,0
45,technician,married,secondary,no,700,no,no,cellular,29,aug,211,3,-1,0,,0
45,technician,married,secondary,no,700,no,no,,20,jun,337,3,-1,0,,0
57,blue-collar,divorced,secondary,no,845,yes,no,,8,may,263,2,-1,0,,0
35,management,single,,no,1723,no,yes,cellular,9,jul,289,2,-1,0,,0
74,retired,married,secondary,no,3875,no,no,cellular,19,oct,185,3,-1,0,,0
39,services,married,secondary,no,727,yes,yes,cellular,5,may,512,3,278,3,failure,0
52,blue-collar,married,secondary,no,834,no,no,cellular,29,aug,270,8,-1,0,,0
36,admin.,married,secondary,no,867,yes,no,cellular,30,jul,173,7,-1,0,,0
40,admin.,single,tertiary,no,4654,yes,no,,21,may,502,2,-1,0,,0
53,technician,married,secondary,no,1605,no,no,cellular,21,dec,455,8,131,2,failure,0
52,self-employed,single,,no,700,no,no,,18,jun,523,2,-1,0,,0
47,blue-collar,married,secondary,no,1014,yes,yes,cellular,20,apr,317,4,339,2,failure,0
28,student,single,secondary,no,860,no,no,cellular,4,may,179,3,-1,0,,0
38,services,married,secondary,no,1589,yes,no,cellular,16,jul,487,8,-1,0,,0
42,retired,single,,no,762,no,no,,19,jun,282,2,-1,0,,0
29,entrepreneur,single,tertiary,no,840,yes,no,cellular,7,may,418,2,-1,0,,0
54,entrepreneur,married,primary,no,899,no,no,cellular,11,may,298,3,363,2,failure,0
54,blue-collar,single,primary,no,1196,yes,no,cellular,8,may,178,2,-1,0,,0
46,blue-collar,married,secondary,no,1565,no,yes,,5,jun,151,2,-1,0,,0
54,management,married,tertiary,no,700,no,no,,11,jun,986,2,-1,0,,0
62,retired,married,primary,no,6206,no,no,telephone,29,jul,151,5,-1,0,,0
43,technician,single,secondary,no,700,no,no,cellular,25,aug,264,10,-1,0,,0
43,technician,divorced,secondary,no,1207,no,no,cellular,20,aug,243,5,-1,0,,0
61,admin.,married,secondary,no,4627,no,no,cellular,13,oct,131,2,-1,0,,0
31,blue-collar,married,secondary,no,1111,yes,yes,,27,may,193,2,-1,0,,0
37,management,single,tertiary,no,700,no,no,cellular,28,aug,306,11,-1,0,,0
49,self-employed,married,secondary,no,2978,no,no,,17,nov,1805,3,-1,0,,0
47,technician,married,tertiary,no,5033,yes,no,cellular,20,nov,1560,4,-1,0,,1
35,blue-collar,married,secondary,no,4011,yes,no,,20,may,789,2,-1,0,,1
35,technician,single,tertiary,no,4429,yes,no,cellular,5,feb,246,3,8,10,other,0
36,blue-collar,married,primary,no,1426,yes,no,cellular,20,nov,258,3,-1,0,,0
46,admin.,married,secondary,no,2155,yes,no,cellular,6,may,434,5,-1,0,,0
54,services,divorced,secondary,yes,490,no,yes,cellular,21,aug,223,8,-1,0,,0
38,management,married,tertiary,no,700,no,no,cellular,2,feb,397,2,-1,0,,0
38,technician,married,secondary,no,1506,no,no,cellular,19,jul,323,4,458,1,success,1
45,technician,divorced,,no,843,no,no,,20,jun,211,5,-1,0,,0
54,blue-collar,married,primary,no,1588,no,yes,telephone,10,jul,230,4,-1,0,,0
37,blue-collar,single,primary,no,1147,yes,no,,9,may,250,3,-1,0,,0
32,student,single,secondary,no,1104,yes,no,cellular,18,may,103,3,367,4,other,0
34,admin.,single,secondary,no,760,no,no,cellular,29,jan,125,3,-1,0,,0
40,technician,divorced,primary,no,573,yes,no,cellular,5,may,390,2,-1,0,,0
40,admin.,married,secondary,no,2978,yes,no,cellular,15,may,270,4,298,1,failure,0
38,services,married,tertiary,no,2142,no,no,cellular,11,dec,304,2,-1,0,,0
43,blue-collar,married,secondary,no,6553,yes,no,,21,may,280,3,-1,0,,0
30,admin.,single,secondary,no,465,yes,no,,16,may,173,2,-1,0,,0
44,blue-collar,divorced,primary,no,622,no,yes,cellular,17,nov,400,3,-1,0,,0
34,management,single,tertiary,no,997,no,no,cellular,8,nov,258,2,-1,0,,1
31,admin.,single,secondary,no,4229,no,yes,cellular,5,mar,232,2,179,2,failure,0
40,services,divorced,tertiary,no,862,yes,no,cellular,18,may,139,2,367,6,other,0
36,services,single,secondary,no,2687,yes,no,telephone,15,may,106,3,176,2,failure,0
65,retired,divorced,secondary,no,1110,no,yes,cellular,31,jul,540,5,-1,0,,0
38,admin.,divorced,secondary,no,700,yes,yes,cellular,14,jul,264,4,-1,0,,0
33,admin.,single,secondary,no,2451,no,no,cellular,30,jan,220,2,-1,0,,0
40,entrepreneur,married,,no,760,no,no,,9,jun,627,3,-1,0,,0
35,admin.,single,tertiary,no,8205,yes,yes,,2,jun,328,2,-1,0,,0
64,retired,married,secondary,no,1074,no,no,cellular,19,aug,346,3,-1,0,,0
34,services,married,primary,no,1715,yes,no,cellular,30,jul,81,9,-1,0,,0
34,blue-collar,single,secondary,no,939,yes,no,,23,may,855,2,-1,0,,1
55,blue-collar,married,secondary,no,719,no,no,cellular,15,jun,362,2,-1,0,,0
35,management,single,tertiary,no,847,no,no,cellular,9,mar,539,2,181,2,success,1
46,technician,married,tertiary,no,1482,no,no,cellular,3,apr,355,2,-1,0,,0
26,student,single,secondary,no,949,no,no,,5,sep,81,2,-1,0,,0
36,technician,married,tertiary,no,1737,yes,no,,26,may,195,4,-1,0,,0
45,self-employed,divorced,tertiary,no,1956,no,no,telephone,9,feb,217,4,-1,0,,0
36,housemaid,married,primary,no,4486,no,no,cellular,8,aug,163,2,-1,0,,0
50,entrepreneur,married,tertiary,no,2620,no,no,cellular,22,aug,674,7,-1,0,,1
32,admin.,single,secondary,no,727,no,no,cellular,27,aug,364,2,-1,0,,0
46,admin.,single,secondary,no,-147,yes,no,,27,may,207,3,-1,0,,0
54,blue-collar,married,primary,no,1119,yes,no,,13,may,186,5,-1,0,,0
42,housemaid,married,secondary,no,700,yes,no,cellular,23,jul,227,2,-1,0,,0
36,technician,single,tertiary,no,2904,yes,no,cellular,21,nov,81,5,-1,0,,0
63,retired,married,secondary,no,1536,yes,no,,7,may,176,2,-1,0,,0
53,admin.,married,secondary,no,897,yes,no,cellular,13,apr,293,2,182,2,failure,1
42,admin.,married,secondary,no,960,yes,no,cellular,10,jul,516,2,-1,0,,0
40,technician,married,secondary,no,8657,no,no,cellular,31,jul,358,3,-1,0,,0
43,management,married,tertiary,no,898,no,no,cellular,8,jul,735,2,-1,0,,0
63,technician,divorced,secondary,no,700,no,no,cellular,29,aug,196,3,-1,0,,0
32,services,single,secondary,no,981,yes,no,,28,may,271,2,-1,0,,0
38,blue-collar,married,secondary,no,887,yes,no,,12,may,449,3,-1,0,,0
52,admin.,married,secondary,no,700,yes,no,cellular,17,jul,179,5,-1,0,,0
46,entrepreneur,married,secondary,no,3659,yes,no,telephone,2,jul,781,2,342,1,failure,1
54,,single,secondary,no,786,no,no,telephone,6,feb,349,9,-1,0,,0
38,management,married,tertiary,no,1748,no,no,cellular,7,aug,143,3,-1,0,,0
59,technician,divorced,tertiary,no,964,yes,no,,30,may,104,3,-1,0,,0
48,blue-collar,married,primary,no,700,yes,no,cellular,6,may,87,2,-1,0,,0
45,admin.,married,secondary,no,695,yes,no,cellular,29,jul,108,18,-1,0,,0
63,management,single,secondary,no,1371,yes,yes,,15,may,227,6,-1,0,,0
32,unemployed,married,secondary,no,1155,no,no,cellular,8,jul,356,2,-1,0,,0
42,admin.,married,secondary,no,1245,no,no,,12,jun,506,2,-1,0,,0
45,management,married,tertiary,no,3170,yes,no,cellular,6,may,92,3,-1,0,,0
35,entrepreneur,divorced,tertiary,no,700,yes,no,cellular,18,nov,234,2,-1,0,,0
38,blue-collar,married,primary,no,1271,yes,no,,23,may,272,3,-1,0,,0
56,entrepreneur,divorced,tertiary,no,1789,no,yes,cellular,9,feb,286,5,-1,0,,0
61,admin.,single,secondary,no,2923,no,no,cellular,12,aug,1134,2,-1,0,,1
32,management,single,tertiary,no,2508,no,no,cellular,30,apr,379,2,-1,0,,1
68,retired,married,secondary,no,1166,yes,no,cellular,18,oct,596,2,-1,0,,1
41,admin.,married,secondary,no,2761,yes,yes,cellular,22,jun,529,2,109,3,failure,1
46,technician,married,secondary,no,2565,yes,no,,15,may,234,2,-1,0,,0
47,technician,single,secondary,no,5690,yes,no,cellular,7,apr,128,2,228,10,failure,0
37,entrepreneur,married,tertiary,no,2879,yes,yes,cellular,7,may,287,2,167,2,other,0
45,management,married,tertiary,no,2473,no,no,,8,may,176,2,-1,0,,0
38,blue-collar,single,secondary,no,913,yes,no,cellular,11,may,117,2,343,2,failure,0
44,management,married,tertiary,no,2434,yes,no,,2,jun,239,2,-1,0,,0
40,management,single,secondary,no,1692,no,no,,6,jun,421,2,-1,0,,0
49,blue-collar,married,primary,yes,853,no,yes,cellular,18,jul,776,10,-1,0,,0
44,admin.,married,secondary,no,700,no,no,cellular,26,oct,157,3,200,2,failure,0
30,blue-collar,married,primary,no,700,yes,no,,21,may,495,2,-1,0,,0
53,technician,single,secondary,no,512,yes,yes,cellular,17,nov,524,2,-1,0,,1
47,technician,married,secondary,no,18355,yes,no,cellular,18,nov,101,2,-1,0,,0
31,services,single,tertiary,no,1236,yes,no,cellular,11,may,175,4,-1,0,,0
43,admin.,divorced,secondary,no,783,yes,no,cellular,30,jul,139,7,-1,0,,0
62,housemaid,married,primary,no,1635,yes,no,,6,jun,342,3,-1,0,,0
51,unemployed,married,tertiary,no,700,no,no,cellular,12,aug,302,6,-1,0,,0
59,blue-collar,married,secondary,no,700,no,no,,12,jun,684,3,-1,0,,1
33,management,married,tertiary,no,1165,yes,no,cellular,16,jul,261,2,-1,0,,0
37,technician,single,secondary,no,863,yes,no,cellular,20,aug,697,3,-1,0,,1
36,management,married,tertiary,no,1278,no,yes,cellular,22,jul,99,3,-1,0,,0
30,technician,single,secondary,no,906,no,no,cellular,29,jan,159,2,-1,0,,0
52,services,married,secondary,no,902,yes,no,cellular,5,aug,232,2,-1,0,,0
51,housemaid,married,primary,no,700,yes,no,telephone,15,jul,232,2,-1,0,,0
36,services,married,secondary,no,1093,no,no,cellular,6,apr,281,3,266,2,failure,0
47,blue-collar,married,primary,no,2218,no,no,cellular,17,jun,164,7,-1,0,,0
38,management,married,tertiary,no,392,yes,no,cellular,30,apr,210,3,-1,0,,0
39,self-employed,married,tertiary,no,1950,yes,no,cellular,2,apr,431,2,136,1,other,0
52,housemaid,divorced,secondary,no,757,no,no,cellular,19,nov,204,2,-1,0,,0
40,unemployed,single,tertiary,no,1653,yes,no,cellular,31,aug,172,3,101,3,failure,0
62,management,married,tertiary,no,956,no,no,cellular,14,jun,578,2,186,4,success,0
33,management,single,tertiary,no,1870,no,no,cellular,20,apr,523,2,-1,0,,1
41,technician,married,secondary,no,2333,yes,no,,19,may,299,4,-1,0,,0
51,technician,married,secondary,no,1002,yes,no,,20,jun,159,4,-1,0,,0
63,admin.,divorced,secondary,no,659,yes,yes,,20,may,241,2,-1,0,,0
39,management,married,tertiary,no,1195,no,no,cellular,2,feb,352,2,-1,0,,0
40,admin.,single,secondary,no,700,yes,yes,cellular,21,nov,179,2,189,1,failure,0
47,management,divorced,tertiary,no,3957,yes,no,,27,may,190,3,-1,0,,0
40,management,divorced,tertiary,no,794,no,yes,cellular,21,jul,113,3,-1,0,,0
40,self-employed,married,primary,no,861,no,no,cellular,21,aug,309,4,-1,0,,0
